Hospital Name,Contact,Rating,Address,URL
CARE Hospitals Hitech-City,Show Number,4.5,"Hi-tech City Hitech City, Hyderabad",https://www.justdial.com/Hyderabad/CARE-Hospitals-Hitech-City-Near-Cyberabad-Police-Commissionerate-Hitech-City/040PXX40-XX40-180407221709-A3S3_BZDET?trkid=&term=&ncatid=10253670&area=&search=Best%20Hospitals%20in%20Hyderabad&mncatname=Hospitals&ftterm=&abd_btn=&abd_heading=&bd=1&cat_b2b_flag=0&searchfrom=lst
Homeocare International Pvt Ltd,9740116487,3.8,"Sindhi Colony-secunderabad, Secunderabad",https://www.justdial.com/Secunderabad/Homeocare-International-Pvt-Ltd-Beside-Ashok-Bhoopal-Chambers-Sindhi-Colony-secunderabad/040P1224486726Y6Q3Q8_BZDET?trkid=&term=&ncatid=10253670&area=&search=Best%20Hospitals%20in%20Hyderabad&mncatname=Hospitals&ftterm=&abd_btn=&abd_heading=&bd=1&cat_b2b_flag=0&searchfrom=lst
Lims Hospital,9980828957,4.4,"Ibrahimpatnam, Rangareddy",https://www.justdial.com/Rangareddy/Lims-Hospital-Near-New-Bus-Stop-Trishakti-Hanuman-Temple-Road-Ibrahimpatnam/040PXX40-XX40-220521181853-D2C5_BZDET?trkid=&term=&ncatid=10253670&area=&search=Best%20Hospitals%20in%20Hyderabad&mncatname=Hospitals&ftterm=&abd_btn=&abd_heading=&bd=1&cat_b2b_flag=0&searchfrom=lst
Aster Prime Hospital,9035109376,4.7,"Main Road Ameerpet, Hyderabad",https://www.justdial.com/Hyderabad/Aster-Prime-Hospital-Opposite-Aditya-Trade-Center-Ameerpet/040PXX40-XX40-140917154659-F8Y5_BZDET?trkid=&term=&ncatid=10253670&area=&search=Best%20Hospitals%20in%20Hyderabad&mncatname=Hospitals&ftterm=&abd_btn=&abd_heading=&bd=1&cat_b2b_flag=0&searchfrom=lst
Lalitha Hospital,7383092459,4.6,"Gajularamaram Kukatpally, Hyderabad",https://www.justdial.com/Hyderabad/Lalitha-Hospital-Beside-Sbi-Bank-Kukatpally/040PXX40-XX40-240722145456-K5J4_BZDET?trkid=&term=&ncatid=10253670&area=&search=Best%20Hospitals%20in%20Hyderabad&mncatname=Hospitals&ftterm=&abd_btn=&abd_heading=&bd=1&cat_b2b_flag=0&searchfrom=lst
Roma Multi Speciality Hospital,8123748841,4.2,"Plot No-1DVR GRAND Kompally, Rangareddy",https://www.justdial.com/Rangareddy/Roma-Multi-Speciality-Hospital-OPP-KVR-CONVENTION-Kompally/040PXX40-XX40-220105133532-E8P7_BZDET?trkid=&term=&ncatid=10253670&area=&search=Best%20Hospitals%20in%20Hyderabad&mncatname=Hospitals&ftterm=&abd_btn=&abd_heading=&bd=1&cat_b2b_flag=0&searchfrom=lst
Vikhyata Bio Medics,8904399086,4.1,"Zahid Nagar -street No:2 Uppal, Hyderabad",https://www.justdial.com/Hyderabad/Vikhyata-Bio-Medics-Beside-Lane-Of-Pista-House-Uppal/040PXX40-XX40-150105184550-X1R4_BZDET?trkid=&term=&ncatid=10253670&area=&search=Best%20Hospitals%20in%20Hyderabad&mncatname=Hospitals&ftterm=&abd_btn=&abd_heading=&bd=1&cat_b2b_flag=0&searchfrom=lst
Aradhya Multi Speciality Hospital,8197727823,4.3,"Moosapet X Road Moosapet, Hyderabad",https://www.justdial.com/Hyderabad/Aradhya-Multi-Speciality-Hospital-Beside-Sangeetha-Mobile-Showroom-Opposite-Andhra-Bank-Moosapet/040PXX40-XX40-170616113809-E9W5_BZDET?trkid=&term=&ncatid=10253670&area=&search=Best%20Hospitals%20in%20Hyderabad&mncatname=Hospitals&ftterm=&abd_btn=&abd_heading=&bd=1&cat_b2b_flag=0&searchfrom=lst
Goutam Neuro Care,8904596152,4.6,"Road No 4 KPHB Colony, Hyderabad",https://www.justdial.com/Hyderabad/Goutam-Neuro-Care-KPHB-Colony/040PXX40-XX40-190506191937-Z8W6_BZDET?trkid=&term=&ncatid=10253670&area=&search=Best%20Hospitals%20in%20Hyderabad&mncatname=Hospitals&ftterm=&abd_btn=&abd_heading=&bd=1&cat_b2b_flag=0&searchfrom=lst
Ravindra Lung Care Center,8792492320,3.9,"Moosarambagh Dilsukh Nagar, Hyderabad",https://www.justdial.com/Hyderabad/Ravindra-Lung-Care-Center-Dilsukh-Nagar/040PXX40-XX40-201104101238-P2B9_BZDET?trkid=&term=&ncatid=10253670&area=&search=Best%20Hospitals%20in%20Hyderabad&mncatname=Hospitals&ftterm=&abd_btn=&abd_heading=&bd=1&cat_b2b_flag=0&searchfrom=lst
Save Hospitals,8197488122,3.8,"Peerzadiguda Boduppal, Rangareddy",https://www.justdial.com/Rangareddy/Save-Hospitals-Boduppal-Opp-Near-Depot-Boduppal/040PXX40-XX40-131019105644-U9R8_BZDET?trkid=&term=&ncatid=10253670&area=&search=Best%20Hospitals%20in%20Hyderabad%20-%20Page%202&mncatname=Hospitals&ftterm=&abd_btn=&abd_heading=&bd=1&cat_b2b_flag=0&searchfrom=lst
Suraksha Speciality Hospital,7795681939,4.4,"Grill Restaurant Kompally, Rangareddy",https://www.justdial.com/Rangareddy/Suraksha-Speciality-Hospital-Lane-Beside-Indian-Oil-Petrol-Pump-Kompally/040PXX40-XX40-231114105655-A5P9_BZDET?trkid=&term=&ncatid=10253670&area=&search=Best%20Hospitals%20in%20Hyderabad%20-%20Page%202&mncatname=Hospitals&ftterm=&abd_btn=&abd_heading=&bd=1&cat_b2b_flag=0&searchfrom=lst
CARE Hospitals Banjara Hills,Show Number,4.4,"Road No 1 Banjara Hills, Hyderabad",https://www.justdial.com/Hyderabad/CARE-Hospitals-Banjara-Hills-Beside-Rainbow-Hospital-Banjara-Hills/040P5427998_BZDET?trkid=&term=&ncatid=10253670&area=&search=Best%20Hospitals%20in%20Hyderabad%20-%20Page%202&mncatname=Hospitals&ftterm=&abd_btn=&abd_heading=&bd=1&cat_b2b_flag=0&searchfrom=lst
Saptagiri Hospital,8197616783,4.3,"Chaitanyapuri Chaitanyapuri, Hyderabad",https://www.justdial.com/Hyderabad/Saptagiri-Hospital-Pochama-Temple-Lane-Chaitanyapuri/040PXX40-XX40-160108115004-W0M3_BZDET?trkid=&term=&ncatid=10253670&area=&search=Best%20Hospitals%20in%20Hyderabad%20-%20Page%202&mncatname=Hospitals&ftterm=&abd_btn=&abd_heading=&bd=1&cat_b2b_flag=0&searchfrom=lst
Bhrungi Hospitals,Show Number,4.5,"Sripuram Colony B N Reddy Nagar, Hyderabad",https://www.justdial.com/Hyderabad/Bhrungi-Hospitals-Near-Venkateswara-Swamy-Temple-B-N-Reddy-Nagar/040PXX40-XX40-210324134401-X5V8_BZDET?trkid=&term=&ncatid=10253670&area=&search=Best%20Hospitals%20in%20Hyderabad%20-%20Page%202&mncatname=Hospitals&ftterm=&abd_btn=&abd_heading=&bd=1&cat_b2b_flag=0&searchfrom=lst
St Theresas Blood Ban K,9035029402,4.6,"Main Road Erragadda, Hyderabad",https://www.justdial.com/Hyderabad/St-Theresas-Blood-Ban-K-Opposite-Erragadda-Rythu-Bazar-Beside-ChurchSanat-Nagar-Erragadda/040PXX40-XX40-101014185917-P4A9_BZDET?trkid=&term=&ncatid=10253670&area=&search=Best%20Hospitals%20in%20Hyderabad%20-%20Page%202&mncatname=Hospitals&ftterm=&abd_btn=&abd_heading=&bd=1&cat_b2b_flag=0&searchfrom=lst
Neocandy Childrens Hospital Private Limited,8197445126,4,"Shaikpet Road Toli Chowki, Hyderabad",https://www.justdial.com/Hyderabad/Neocandy-Childrens-Hospital-Private-Limited-Beside-Ratnadeep-Supermarket-Rahul-Colony-Toli-Chowki/040PXX40-XX40-130314162250-U3G1_BZDET?trkid=&term=&ncatid=10253670&area=&search=Best%20Hospitals%20in%20Hyderabad%20-%20Page%202&mncatname=Hospitals&ftterm=&abd_btn=&abd_heading=&bd=1&cat_b2b_flag=0&searchfrom=lst
Shenoy Hospitals,8123943923,4.6,"Road East Marredpally, Hyderabad",https://www.justdial.com/Hyderabad/Shenoy-Hospitals-Near-Geetha-Nursing-Home-Opposite-Cricket-Play-Ground-East-Marredpally/040PPE00782_BZDET?trkid=&term=&ncatid=10253670&area=&search=Best%20Hospitals%20in%20Hyderabad%20-%20Page%202&mncatname=Hospitals&ftterm=&abd_btn=&abd_heading=&bd=1&cat_b2b_flag=0&searchfrom=lst
Chethana Kidney Hospital (Dr.T.Narendar UROLOGIST),9740039896,4.9,"Highway Vanasthalipuram, Hyderabad",https://www.justdial.com/Hyderabad/Chethana-Kidney-Hospital-DrTNarendar-UROLOGIST-Beside-Indian-Oil-Petrol-Pump-Opposite-Rajadhani-Hotel-Vanasthalipuram/040PXX40-XX40-230420063438-B7I7_BZDET?trkid=&term=&ncatid=10253670&area=&search=Best%20Hospitals%20in%20Hyderabad%20-%20Page%202&mncatname=Hospitals&ftterm=&abd_btn=&abd_heading=&bd=1&cat_b2b_flag=0&searchfrom=lst
Prasad Hospitals,7043502423,4.5,"Pragathi Nagar-kukatpally, Hyderabad",https://www.justdial.com/Hyderabad/Prasad-Hospitals-Beside-NEXA-Services-Pragathi-Nagar-kukatpally/040PXX40-XX40-230627112407-H4Y3_BZDET?trkid=&term=&ncatid=10253670&area=&search=Best%20Hospitals%20in%20Hyderabad%20-%20Page%202&mncatname=Hospitals&ftterm=&abd_btn=&abd_heading=&bd=1&cat_b2b_flag=0&searchfrom=lst
